gender,email,phone,cell,nat,name.title,name.first,name.last,location.street.number,location.street.name,location.city,location.state,location.country,location.postcode,location.coordinates.latitude,location.coordinates.longitude,location.timezone.offset,location.timezone.description,login.uuid,login.username,login.password,login.salt,login.md5,login.sha1,login.sha256,dob.date,dob.age,registered.date,registered.age,id.name,id.value,picture.large,picture.medium,picture.thumbnail
female,jenny.bourgeois@example.com,076 098 91 68,076 295 61 50,CH,Madame,Jenny,Bourgeois,7397,Avenue Joliot Curie,Miège,Schaffhausen,Switzerland,3657,-56.2919,175.7745,-7:00,Mountain Time (US & Canada),7152b189-5006-411b-a16b-8c881e441ede,silverleopard795,golfer,ddxhfUQg,70042defd64dab2ab230a84259e1101f,4b9fefe753e0ab17e8d97de20500a13c16842695,b1559f62813293235748107513c48b48433defff1b8801bb635b943a35538825,1975-06-12T15:37:03.546Z,50,2013-06-10T07:40:31.460Z,12,AVS,756.6720.6341.60,https://randomuser.me/api/portraits/women/7.jpg,https://randomuser.me/api/portraits/med/women/7.jpg,https://randomuser.me/api/portraits/thumb/women/7.jpg
male,florent.vidal@example.com,04-54-59-98-21,06-71-28-04-39,FR,Mr,Florent,Vidal,4161,Rue Duquesne,Caen,Territoire De Belfort,France,46986,-59.7665,36.6681,-8:00,Pacific Time (US & Canada),d64e8928-1ac4-40a5-a2b0-634f26e3e68e,whiteswan924,stella,G5MRn0KL,a55890e8ed862e33105c8a641eb8254e,a2569f417bca588908283236235a51b1a8107b69,a0e3b97e35e779bddc3ebad96fa897012efb5f7e664312131fd204e4268d34a4,1970-12-19T19:41:40.129Z,55,2004-10-02T21:55:58.592Z,21,INSEE,1701110404125 89,https://randomuser.me/api/portraits/men/34.jpg,https://randomuser.me/api/portraits/med/men/34.jpg,https://randomuser.me/api/portraits/thumb/men/34.jpg
female,noelie.bourgeois@example.com,03-24-28-00-23,06-52-23-47-59,FR,Mrs,Noélie,Bourgeois,8651,Montée du Chemin-Neuf,Lille,Yvelines,France,48400,21.5818,75.2816,+4:30,Kabul,3f99deee-7259-4978-bfd3-2c13d176e206,angryfish175,forget,W9NCdDyU,5d48e9b285e67cf10f2682d8951d22b8,8ae70489a44d38a3f496851cabf96cadc5b01f2b,6236e1498dd08a46aa6cbc45b83ca8e74dcb03f5d778bf365ece327b45b665f8,1959-02-06T14:26:29.827Z,67,2018-03-27T08:26:39.961Z,8,INSEE,2590119401313 77,https://randomuser.me/api/portraits/women/69.jpg,https://randomuser.me/api/portraits/med/women/69.jpg,https://randomuser.me/api/portraits/thumb/women/69.jpg
male,eino.tuomi@example.com,07-458-473,043-305-71-27,FI,Mr,Eino,Tuomi,1319,Verkatehtaankatu,Multia,Ostrobothnia,Finland,11030,-80.9601,-4.8317,+7:00,"Bangkok, Hanoi, Jakarta",13969d17-ad26-4f6c-ba70-76c50414cb94,tinygorilla538,robin1,LdrNEsr2,22a15a79e8c37cbe82dc3571185d4852,d8ccd996cc56f23fe1421c3067f6e2534f79f20e,3c66f0a9c1a3489fd5f0e5700d3ff197ecfa303fcb1d2b34a8a3b0c032732d7d,1982-05-09T14:32:45.384Z,43,2004-08-17T18:50:52.567Z,21,HETU,NaNNA491undefined,https://randomuser.me/api/portraits/men/3.jpg,https://randomuser.me/api/portraits/med/men/3.jpg,https://randomuser.me/api/portraits/thumb/men/3.jpg
female,maya.howell@example.com,013873 67169,07445 450333,GB,Ms,Maya,Howell,2377,Highfield Road,Leicester,County Fermanagh,United Kingdom,YZ2 1PH,-10.0917,-72.1400,+4:00,"Abu Dhabi, Muscat, Baku, Tbilisi",d1046844-57b8-4f2e-a024-15553ec2f880,orangefrog990,scxakv,a7uA5L4M,0f2b7e59f8f97a4aa987a8724847ea2f,fbb1cfdf5a864535aeb4929518dbd80b4cc5d7bd,a2d3ab2d7a34e7925ef8f9f6cb765c9e48bac510bced0d1f5fa1e14bbb80f7a3,1984-05-05T00:41:04.025Z,41,2016-04-07T00:07:25.974Z,10,NINO,KS 84 37 79 H,https://randomuser.me/api/portraits/women/40.jpg,https://randomuser.me/api/portraits/med/women/40.jpg,https://randomuser.me/api/portraits/thumb/women/40.jpg
female,fatma.beserler@example.com,(057)-451-0155,(596)-939-7255,TR,Ms,Fatma,Beşerler,3731,Vatan Cd,Iğdır,Artvin,Turkey,85623,20.2707,-159.3224,-2:00,Mid-Atlantic,4a744dce-67a1-40a7-8e6c-45508b24c7f2,brownbutterfly386,prosper,kwhoqG7W,fc79b9281ac8771136a624727cc56864,d7bca5bc12c3381c1cc76e574ef65addcab60355,4a0c55e336c3cc2362342ff6097d1fd0cf59c721b76b1cad71a3be38d8663bef,1946-02-28T23:08:02.327Z,80,2005-06-27T19:34:22.494Z,20,,,https://randomuser.me/api/portraits/women/12.jpg,https://randomuser.me/api/portraits/med/women/12.jpg,https://randomuser.me/api/portraits/thumb/women/12.jpg
male,elio.giraud@example.com,04-75-79-89-28,06-42-65-25-08,FR,Mr,Elio,Giraud,7317,Rue de L'Abbé-Rousselot,Colombes,Ille-et-Vilaine,France,30148,-5.5714,46.5174,+3:00,"Baghdad, Riyadh, Moscow, St. Petersburg",b6b93473-70f5-46e9-a9c8-5fbb6ceb9ca9,angryzebra897,health,o0FBOVF9,910ad8d2d97710b30243bc34c5de842e,67b82d90a1d12c578df6e2a248506930d88db805,860957e275ad1ec77589a6858e1620f981515cf514b1ae8d3d9f10a3c8a42c1a,1964-06-07T09:05:48.732Z,61,2022-04-18T18:15:06.762Z,4,INSEE,1640519334340 86,https://randomuser.me/api/portraits/men/34.jpg,https://randomuser.me/api/portraits/med/men/34.jpg,https://randomuser.me/api/portraits/thumb/men/34.jpg
male,eduardo.trevino@example.com,(682) 101 3499,(645) 014 4786,MX,Mr,Eduardo,Treviño,9007,Avenida Distrito Federal,Ozuluama,Durango,Mexico,25050,34.6515,-26.5518,+3:30,Tehran,2b822a18-97c7-4a62-8e7a-cd5bb9abbb29,purpledog622,phyllis,fUVrWNF0,9bd3d071496c9f28171cf38e5d5241fa,d775ba7aaf415da1b5542c5883acba9853d1cc70,24eaa0619d93907b5c10a555d09df2ad33401c34b0214878607bec4f918454af,1952-06-27T07:58:23.871Z,73,2004-06-02T15:17:37.171Z,21,NSS,97 05 56 8984 2,https://randomuser.me/api/portraits/men/70.jpg,https://randomuser.me/api/portraits/med/men/70.jpg,https://randomuser.me/api/portraits/thumb/men/70.jpg
female,rosa.calderon@example.com,(694) 378 3364,(619) 867 7686,MX,Ms,Rosa,Calderón,5384,Viaducto Hidalgo,San Luis Soyatlán,Veracruz,Mexico,71258,85.5511,61.8863,+3:30,Tehran,69787909-f91d-4fb5-9fe9-4f75f188748b,blackgoose529,cola,Z3Q9lm02,7201e57e7f57de8f80c727b67df00069,5e238f17ddfdeaa7e380860eb524cbd13cf3599e,66e15ce2310c2a69fc9193f4326538233a7359720bd74a2ee19e7933a2be0bd4,1972-10-24T19:38:36.513Z,53,2005-05-18T15:47:10.007Z,20,NSS,18 12 47 8133 4,https://randomuser.me/api/portraits/women/50.jpg,https://randomuser.me/api/portraits/med/women/50.jpg,https://randomuser.me/api/portraits/thumb/women/50.jpg
female,nadia.mayorga@example.com,(657) 810 9391,(605) 293 5195,MX,Mrs,Nadia,Mayorga,5118,Diagonal Sur Bañuelos,Carapán,Hidalgo,Mexico,31498,47.3863,-61.9600,+1:00,"Brussels, Copenhagen, Madrid, Paris",5f43e077-4d28-47ca-9d57-3bc2d477d157,blueswan284,godfather,cFJbImNZ,518f44560d6cae04fc2cf7051fe58862,ad60e3e10b9e8e3a2110533e77e663864f155794,5df2e8c090743e87b184e4cadadedd86d4a3033af2a9668b27c9d2f21cef40cc,1976-11-27T00:02:34.744Z,49,2006-11-24T17:42:08.091Z,19,NSS,61 64 42 9823 6,https://randomuser.me/api/portraits/women/90.jpg,https://randomuser.me/api/portraits/med/women/90.jpg,https://randomuser.me/api/portraits/thumb/women/90.jpg
male,ryder.lewis@example.com,(816)-523-3604,(455)-743-6997,NZ,Mr,Ryder,Lewis,9783,Nelson Street,Blenheim,Northland,New Zealand,68680,83.8982,3.4203,+4:00,"Abu Dhabi, Muscat, Baku, Tbilisi",73668690-5658-42c4-aff3-284e2f325d47,whiteostrich166,bobbob,a8bmn8U3,dad916661d55a2080cf7d972c3f7fd81,aa9d84b916d37de9b94d707f38c2a161cca1e573,88beae88824be3e3539eb389ab48bdf47556dceeafe43e4bccaf6ec5783ba135,1961-06-29T13:27:05.057Z,64,2004-08-15T07:34:39.518Z,21,,,https://randomuser.me/api/portraits/men/36.jpg,https://randomuser.me/api/portraits/med/men/36.jpg,https://randomuser.me/api/portraits/thumb/men/36.jpg
female,cassandra.tronstad@example.com,32242836,42040637,NO,Ms,Cassandra,Tronstad,7450,Smedveien,Havøysund,Trøndelag,Norway,1481,2.5839,-122.0327,0:00,"Western Europe Time, London, Lisbon, Casablanca",0396ef0e-7950-4efc-86bd-75bbf4ef63e5,greenladybug687,superman,6cvKRj8k,e3e2a5bcc014dddea319667da95dce25,53603d001ab1ba354c275b058c4c43cc36f5137f,0be1d0fc0750f21e1dee588966aeb12ecf08ce8ba2284b38eb142052101bc435,1982-07-09T01:06:20.519Z,43,2004-07-22T11:54:31.612Z,21,FN,09078207865,https://randomuser.me/api/portraits/women/21.jpg,https://randomuser.me/api/portraits/med/women/21.jpg,https://randomuser.me/api/portraits/thumb/women/21.jpg
male,kurt.craig@example.com,071-119-4771,081-192-6540,IE,Mr,Kurt,Craig,5696,Strand Road,Portarlington,Limerick,Ireland,89367,-22.8422,167.3038,-3:30,Newfoundland,f1d25234-8fcb-4315-8221-8c68112888eb,happysnake994,oooo,GxaZKt9y,cf10892a3301b2967f2a55ca06c06cbd,8565b4985c5c7e712fac066e62c4d66eeb38eb64,6b8dfd28b5343969a46af9e4e96ff6d01a4cc8a2f42dd8036247832c55210ffb,1951-07-02T04:41:26.504Z,74,2008-04-17T20:00:36.599Z,18,PPS,7226177T,https://randomuser.me/api/portraits/men/11.jpg,https://randomuser.me/api/portraits/med/men/11.jpg,https://randomuser.me/api/portraits/thumb/men/11.jpg
female,yasemin.akgul@example.com,(986)-073-4823,(000)-587-6682,TR,Ms,Yasemin,Akgül,1962,Mevlana Cd,Amasya,Şanlıurfa,Turkey,10057,76.8205,-70.2440,-2:00,Mid-Atlantic,fc498663-68b9-4473-bf87-ac8f60fe5f5c,blackelephant297,hailey,l4r8K126,81a6ba7d7e2801ea2097eab62e5e3a28,2f59bb35e415e49b07d3c50f78d70bb811bad4f0,3c07b9d0bc4e6e575a28e076481b6b702eb05d1d5dcee3689619b7194c74a2b8,1946-12-24T16:27:58.670Z,79,2010-11-23T04:45:05.067Z,15,,,https://randomuser.me/api/portraits/women/67.jpg,https://randomuser.me/api/portraits/med/women/67.jpg,https://randomuser.me/api/portraits/thumb/women/67.jpg
male,rasmus.christensen@example.com,34735305,02735366,DK,Mr,Rasmus,Christensen,3965,Pilestien,Randers Nø,Syddanmark,Denmark,45493,52.8793,21.2836,+9:00,"Tokyo, Seoul, Osaka, Sapporo, Yakutsk",bfde4e73-9948-40e2-b456-670a13e9e184,tinyostrich975,funfun,OtsCgQRZ,46dce5a1b9c2fb2d81ca2aac2b3b3163,c1a267ab590fa6a0b8c171d977123b8f466f8c34,b9f66e2daf4d7a66828a42499c2b8f061806c61a5a050f9c661a8983282430c5,1970-01-24T00:05:46.542Z,56,2011-03-27T23:52:29.445Z,15,CPR,230170-2116,https://randomuser.me/api/portraits/men/96.jpg,https://randomuser.me/api/portraits/med/men/96.jpg,https://randomuser.me/api/portraits/thumb/men/96.jpg
female,zillah.lenssen@example.com,(061) 2619667,(06) 64233705,NL,Mrs,Zillah,Lenssen,8429,Krijtweg,Winterswijk,Gelderland,Netherlands,0329 CW,-59.8997,-146.0593,+2:00,"Kaliningrad, South Africa",cc4ca8fb-a292-41bc-8112-66ff680277bd,angrydog282,washington,ZSAm2bIs,5c6dcd99b423bc3a63ddb843f9025cb1,02c1107a0dde105f637862a53537474280e5bf64,ec1573559569149fdb60e32aaaa3e1e02b8ce06f7ffb674f2c639ab61edbef71,1982-06-12T08:24:48.828Z,43,2012-05-26T11:34:53.502Z,13,BSN,06916443,https://randomuser.me/api/portraits/women/61.jpg,https://randomuser.me/api/portraits/med/women/61.jpg,https://randomuser.me/api/portraits/thumb/women/61.jpg
female,yashodha.saldanha@example.com,9139856097,8672144066,IN,Miss,Yashodha,Saldanha,9002,Mirza Ghalib St,Bhusawal,Madhya Pradesh,India,51804,22.9278,176.5310,+10:00,"Eastern Australia, Guam, Vladivostok",b088adfe-73ad-4d2d-98fb-eadeaf33fd32,crazysnake317,starfish,n9AJN9LR,07605716a8471faae0a9b2a403431916,397dc37ca463b9bf0dd070dff452e4ff94354eed,2ced80f6bd38ffa7c30afce0ba18996c3a04950c8699143534a1ab1b4ac8f654,1954-10-23T07:19:38.991Z,71,2008-05-10T19:47:37.767Z,17,UIDAI,202756531834,https://randomuser.me/api/portraits/women/77.jpg,https://randomuser.me/api/portraits/med/women/77.jpg,https://randomuser.me/api/portraits/thumb/women/77.jpg
female,oya.basoglu@example.com,(246)-217-9251,(887)-224-8248,TR,Mrs,Oya,Başoğlu,5873,Filistin Cd,İstanbul,Samsun,Turkey,81600,-25.5539,-8.1190,0:00,"Western Europe Time, London, Lisbon, Casablanca",728e75cd-5596-42fe-abca-ca3e237cd366,heavyzebra487,checkers,rgIEG9GS,252033038a9313524c6392ca85a9382d,57739a287638bb8168ef88a8dfb97601f00ddec5,b463fe3f0bf8effbb1ab29dbccc6f0182c28f70e22463d2617af8972e2c4b3fc,1956-08-14T22:19:00.783Z,69,2019-12-20T12:13:56.847Z,6,,,https://randomuser.me/api/portraits/women/93.jpg,https://randomuser.me/api/portraits/med/women/93.jpg,https://randomuser.me/api/portraits/thumb/women/93.jpg
female,rose.young@example.com,L40 S95-1304,U19 M33-8614,CA,Miss,Rose,Young,779,Pierre Ave,Waterloo,British Columbia,Canada,S3K 8A7,-12.5243,58.6336,-7:00,Mountain Time (US & Canada),9b8a7891-6308-4908-bad6-2d393e8cd11f,happyelephant359,911911,K4h3HU6X,373e30913ced95529330cdc089fcb913,531bce4d36881fd399f54e6bc1461f3909032019,0e2c4c457246c2a4780345bce2a9bfbd1d109cdc854dc97f2e8e1cd802b896d7,1990-09-12T07:41:41.986Z,35,2015-10-14T06:32:19.989Z,10,SIN,594116428,https://randomuser.me/api/portraits/women/50.jpg,https://randomuser.me/api/portraits/med/women/50.jpg,https://randomuser.me/api/portraits/thumb/women/50.jpg
male,ljubisa.stefanovic@example.com,037-9967-137,063-9521-782,RS,Mr,Ljubiša,Stefanović,3710,Nepoljska,Rača,Braničevo,Serbia,10962,-31.4190,154.8967,-12:00,"Eniwetok, Kwajalein",2093f691-e9a2-4b67-bee3-5ac1e79f908a,silvermouse198,desert,XZe0mCGF,a57bb38ceca83bf3b683251cc4810557,94ff8a89cf31d6abbc46ba076381b0945b73e530,6091f42834005667736e3ef9be6ac302c4c0081a5328069ac34d63877babb7f6,1978-09-05T11:10:45.111Z,47,2009-01-25T17:12:29.866Z,17,SID,509494186,https://randomuser.me/api/portraits/men/24.jpg,https://randomuser.me/api/portraits/med/men/24.jpg,https://randomuser.me/api/portraits/thumb/men/24.jpg
female,pamela.colunga@example.com,(675) 865 9599,(648) 382 1513,MX,Miss,Pamela,Colunga,9038,Avenida Guanajuato,Río Florido,Colima,Mexico,89953,-87.3928,163.5063,-3:30,Newfoundland,033fce2f-b141-45d2-a846-5a06799b74af,greenpeacock327,sunlight,CkOIFgpC,473f73b998f1531d5ebc2a5357d18666,d075c629d996ef35a7058b54d7e0514a5856fd04,1923162ed4141c04f65339e05a10c8dfcafe1673ba8d45d8d1683a95250708d2,1964-04-10T10:07:05.443Z,62,2020-06-06T16:43:38.514Z,5,NSS,60 33 25 9250 5,https://randomuser.me/api/portraits/women/19.jpg,https://randomuser.me/api/portraits/med/women/19.jpg,https://randomuser.me/api/portraits/thumb/women/19.jpg
female,magdalena.pascual@example.com,974-446-497,688-669-970,ES,Miss,Magdalena,Pascual,1959,Calle de Arganzuela,Sevilla,Castilla la Mancha,Spain,97744,78.1803,106.8894,-6:00,"Central Time (US & Canada), Mexico City",bd2ec7bc-4d8e-4059-b2f2-d57aa1333374,smalltiger255,umbrella,hLJylg7G,a3caf3534ecc8222223f598bce094ee2,8629d2d74ee615a1fe531a33b6f1d0627defb06a,aad1ab28342fb40b96bc31572551454a4059edaff519854840071f023edf5bf8,1962-12-23T01:51:42.750Z,63,2016-10-08T19:00:34.967Z,9,DNI,11595892-P,https://randomuser.me/api/portraits/women/76.jpg,https://randomuser.me/api/portraits/med/women/76.jpg,https://randomuser.me/api/portraits/thumb/women/76.jpg
female,caroline.sorensen@example.com,55059852,91526905,DK,Mrs,Caroline,Sørensen,5196,Skovstjernevej,Sundby/Erslev,Midtjylland,Denmark,77948,69.4207,-53.7519,-4:00,"Atlantic Time (Canada), Caracas, La Paz",b14170a6-cbd2-4719-a49c-c8e860d95f6a,tinyleopard683,japan,q0FiuC5e,87b1fbfcf4c028989496758755d6b735,9a093e82772e5a371582e4502716848aad7fd19e,ca378b18e8301a98352d69d1ac0f48095f1affeb2a6a2d8a084b61f9b2baab26,1989-01-05T05:50:18.936Z,37,2003-04-29T03:43:29.587Z,22,CPR,040189-1666,https://randomuser.me/api/portraits/women/32.jpg,https://randomuser.me/api/portraits/med/women/32.jpg,https://randomuser.me/api/portraits/thumb/women/32.jpg
female,remziye.stabel@example.com,(097) 2024558,(06) 79162507,NL,Mrs,Remziye,Stabel,4066,De Zaagkoele,Zweins,Zuid-Holland,Netherlands,4452 VC,-12.0200,116.1930,-3:30,Newfoundland,f141d12f-7cc2-42f4-a971-b34a1bbedf1d,organiccat993,ashlee,Zt9OBQiT,8a4cebbad6d69aa283896a397eee2ae7,80524c36043f94c7d251f395a77a3a44a52a946f,1f56dd15cf9e1f4d86f7ac8d84c1940685e05e81c97808f8fad44fdb999212b5,1945-06-10T16:57:30.445Z,80,2002-09-30T06:07:33.381Z,23,BSN,23630756,https://randomuser.me/api/portraits/women/69.jpg,https://randomuser.me/api/portraits/med/women/69.jpg,https://randomuser.me/api/portraits/thumb/women/69.jpg
female,wanda.lucas@example.com,(205) 899-6413,(555) 482-1089,US,Ms,Wanda,Lucas,6746,N Stelling Rd,The Colony,Massachusetts,United States,35388,-22.5650,-109.3848,+9:00,"Tokyo, Seoul, Osaka, Sapporo, Yakutsk",e0c02e4f-9dde-4624-b06b-edb0c67d4610,crazytiger310,fenris,0AGkNywu,4d74a48188caefbdf2a08ef661f4a45c,7a2b5b22efaf3da60a07e703119db670a9b92b1e,0f66f8755a7a57e02af8dd1584a43f52804b52ae8a743bd30fe75cf834ad4104,1959-09-26T21:16:05.452Z,66,2012-10-24T18:22:55.706Z,13,SSN,241-97-5855,https://randomuser.me/api/portraits/women/39.jpg,https://randomuser.me/api/portraits/med/women/39.jpg,https://randomuser.me/api/portraits/thumb/women/39.jpg
male,miro.niemela@example.com,07-963-964,042-697-08-45,FI,Mr,Miro,Niemela,6344,Visiokatu,Nastola,Kainuu,Finland,24160,-87.4120,15.7067,+7:00,"Bangkok, Hanoi, Jakarta",db99d431-c1d6-49ad-aa54-71abd5eaf77f,lazymouse129,baby,xOD6fWme,cb01e5010e8837483ddb5459dd6cc4a1,aea2f7cbac5283a59097181e93de8fbab8f62955,811c9349b1d86da26fe2a2f1cb859e7d1a026de85e50d454a60b404f2e886da1,1983-07-28T20:11:46.296Z,42,2016-04-20T09:28:51.319Z,10,HETU,NaNNA451undefined,https://randomuser.me/api/portraits/men/86.jpg,https://randomuser.me/api/portraits/med/men/86.jpg,https://randomuser.me/api/portraits/thumb/men/86.jpg
male,nelson.murphy@example.com,015395 72843,07408 467028,GB,Mr,Nelson,Murphy,9228,St. John’S Road,Stevenage,Essex,United Kingdom,A62 1RH,-33.1030,-0.8876,+9:00,"Tokyo, Seoul, Osaka, Sapporo, Yakutsk",b5851903-b684-4aa3-a2ab-9f668dff4ddb,bluelion998,amazon,2Lc6jVi7,0a5f19c6e56a0a1cbf841897c29704c9,007d1330ac2b5fb2bbc031417e6fbb2066443810,a279fe22df6e6b0798d9c40ed8e1f3014cb14d2dd5099eb0399d586f32f9c540,1993-05-08T17:32:04.002Z,32,2020-03-29T11:34:11.050Z,6,NINO,PM 63 21 21 D,https://randomuser.me/api/portraits/men/73.jpg,https://randomuser.me/api/portraits/med/men/73.jpg,https://randomuser.me/api/portraits/thumb/men/73.jpg
male,soham.ellis@example.com,061-724-8798,081-621-2557,IE,Mr,Soham,Ellis,7658,Springfield Road,Dublin,Wexford,Ireland,37421,-14.4160,-105.8567,-8:00,Pacific Time (US & Canada),d084f023-a8a9-424b-ae99-bed10f854e0a,blackswan749,women,PkBK8GIW,064a3e84337faa0a55fde726f26d38e9,057d3a2d639b963496daa1cf13f1bd74658ff5e9,6632006d65bec47eb7f3be1f7ca9aeaee38806d7362297ac90e8b82ec020ae93,1980-01-07T18:53:09.040Z,46,2020-11-12T00:26:06.710Z,5,PPS,1545932T,https://randomuser.me/api/portraits/men/56.jpg,https://randomuser.me/api/portraits/med/men/56.jpg,https://randomuser.me/api/portraits/thumb/men/56.jpg
female,bella.stepanenko@example.com,(098) N84-9431,(096) Y75-8019,UA,Miss,Bella,Stepanenko,1469,Plehanivska,Slov'yansk,Dnipropetrovska,Ukraine,61440,-3.9996,-104.7411,+7:00,"Bangkok, Hanoi, Jakarta",56c080af-2a77-4505-8e1e-8ffc4fe82873,goldenelephant504,harald,IsmIhPEo,727900bf277937e0d5b24b7b1f073e4c,55c1a14837b7ceafc4a8a197d88201ca473c61f9,c329677029a24e05987334cbfd495a65ed0d040e2d2c3be11f5e52c57baf9cb4,1950-01-12T16:01:19.188Z,76,2002-04-24T14:46:39.669Z,23,,,https://randomuser.me/api/portraits/women/46.jpg,https://randomuser.me/api/portraits/med/women/46.jpg,https://randomuser.me/api/portraits/thumb/women/46.jpg
female,nemira.danchuk@example.com,(066) G29-1171,(099) V40-5069,UA,Miss,Nemira,Danchuk,5037,Kup'yanskiy provulok,Voznesenivka,Avtonomna Respublika Krim,Ukraine,96720,86.7512,-28.5606,-11:00,"Midway Island, Samoa",9af9bd4d-324c-4d25-bc9a-0ec7bc32770b,ticklishelephant511,gore,AaUVPRsI,91d3525f80b0d7cadf48269622f726d0,f2293228bf93af84ac2890ac8e38ee6ace175c28,e21c7a9644d7ddd82cc85955964f8d6a22b067efb1255ed056822a72b5678b1e,1945-10-30T09:15:36.339Z,80,2020-12-01T19:53:38.070Z,5,,,https://randomuser.me/api/portraits/women/5.jpg,https://randomuser.me/api/portraits/med/women/5.jpg,https://randomuser.me/api/portraits/thumb/women/5.jpg
male,porfirio.delacruz@example.com,(636) 706 5661,(652) 171 6491,MX,Mr,Porfirio,de la Crúz,4095,Diagonal Sur Barrientos,Orduña de Arriba,Queretaro,Mexico,96481,29.4857,-100.6663,0:00,"Western Europe Time, London, Lisbon, Casablanca",04b8a952-d57d-4fc3-8799-6ac41878f8b3,yellowladybug601,kotaku,cy0cMyRR,38878d8fb03d1260867cae73551dbaf4,00322444ad6627379f09a4d081115f5bc04a6342,285f5aa7d28c291b2026de8f343165acd3c67396d6472d025b1a9e5661ac4214,1971-07-21T21:23:56.207Z,54,2014-09-24T02:52:22.811Z,11,NSS,17 57 26 8921 2,https://randomuser.me/api/portraits/men/87.jpg,https://randomuser.me/api/portraits/med/men/87.jpg,https://randomuser.me/api/portraits/thumb/men/87.jpg
female,may.wie@example.com,62607367,91608122,NO,Mrs,May,Wie,7908,Vibes gate,Andselv,Akershus,Norway,0862,-11.3815,170.2772,+8:00,"Beijing, Perth, Singapore, Hong Kong",63ef47a4-2bf4-482d-9b34-6e46d28ef221,heavyfrog758,jacques,9DQiJXiu,bba72264ad8ec1dcae64011fa64ae159,78d0df4601e979b2ae414bb682387f2ee239555a,da1580c933d8a31a379f5d8685eb4f4269c815fdb533ac7c2baab1f5e28d2839,1976-04-02T14:56:15.164Z,50,2020-12-28T23:28:42.587Z,5,FN,02047612449,https://randomuser.me/api/portraits/women/88.jpg,https://randomuser.me/api/portraits/med/women/88.jpg,https://randomuser.me/api/portraits/thumb/women/88.jpg
male,leonard.barbier@example.com,079 256 10 73,077 627 71 31,CH,Monsieur,Leonard,Barbier,9800,Place de L'Abbé-Georges-Hénocque,Rüeggisberg,Appenzell Innerrhoden,Switzerland,3776,41.5251,158.9878,+8:00,"Beijing, Perth, Singapore, Hong Kong",2f9e1e8b-ec06-444c-a867-1be82507c2f7,whitepeacock320,garbage,QFj2r7sv,39a18dfef1bb43ca12f6c3b3cfdd838d,43413c72d17f9d302b5287b6615af461a9ffe02e,57a47337761e9ddfffc48220dfcce90c0aa33f4ae1aa674db97c53e8612267d7,1955-12-06T11:46:17.561Z,70,2007-05-01T17:27:07.599Z,18,AVS,756.1927.1082.30,https://randomuser.me/api/portraits/men/94.jpg,https://randomuser.me/api/portraits/med/men/94.jpg,https://randomuser.me/api/portraits/thumb/men/94.jpg
female,sarah.chu@example.com,A30 V98-3263,Z22 P41-4171,CA,Ms,Sarah,Chu,2210,Main St,Tecumseh,Prince Edward Island,Canada,Q8S 6V7,-30.4145,-41.4636,-2:00,Mid-Atlantic,e9275d30-eaed-4e66-833b-b43fa3c76d17,sadbutterfly581,magic32,NNf1A1M7,0e9bd08fb4ddd2b195de6b52b14834ef,59210290a79da0790332cd7018971b9694f6ec67,aad85357b6578e8a08bae471356f8d6a277abbcf09a3a0b6feca822cd74f2ecb,1947-10-31T05:12:19.576Z,78,2008-10-05T10:18:45.088Z,17,SIN,478043433,https://randomuser.me/api/portraits/women/20.jpg,https://randomuser.me/api/portraits/med/women/20.jpg,https://randomuser.me/api/portraits/thumb/women/20.jpg
female,lada.trajkovic@example.com,025-8138-538,067-9154-220,RS,Miss,Lada,Trajković,6096,Spasoja Hadži Popovića ,Mionica,Nišava,Serbia,51640,-71.7948,56.7040,-8:00,Pacific Time (US & Canada),c1454711-67d9-4089-8183-82c19e602f88,crazymeercat548,customer,esbeFk2m,e55ae298e6c9c728fdf5a93494e6fe86,0775e2edda71b131046fcc4b1c63207740489ee0,fe09a736073d0ba34dcdb9cef13077fba3dbcaf2589cb385a7fe6fb62f26f277,1981-11-27T22:19:20.649Z,44,2021-10-02T05:27:30.959Z,4,SID,414632987,https://randomuser.me/api/portraits/women/86.jpg,https://randomuser.me/api/portraits/med/women/86.jpg,https://randomuser.me/api/portraits/thumb/women/86.jpg
male,cody.henderson@example.com,011-570-9789,081-110-2661,IE,Mr,Cody,Henderson,1471,Pearse Street,Athlone,Clare,Ireland,65646,-16.7159,56.1245,0:00,"Western Europe Time, London, Lisbon, Casablanca",b37ae199-e9ad-4a6b-8ce4-8f621964db56,blueelephant815,1960,NZ2bVEYZ,8021ae9ecfca35bdcaf8ed367f57e71b,989a1e2a2fd012c426faf8ded61ce2dfa0771f03,aa6ab677e895555e990de9ab0bcc5aa24462638b276ddf834d62434be09b0c62,1952-10-31T14:31:38.768Z,73,2009-11-20T08:13:46.567Z,16,PPS,1657970T,https://randomuser.me/api/portraits/men/44.jpg,https://randomuser.me/api/portraits/med/men/44.jpg,https://randomuser.me/api/portraits/thumb/men/44.jpg
male,anton.vasic@example.com,029-6093-639,068-1567-049,RS,Mr,Anton,Vasić,8946,Porodice Zastavniković,Lajkovac,Pirot,Serbia,90972,59.4234,-170.2554,+3:00,"Baghdad, Riyadh, Moscow, St. Petersburg",bd26c059-a00c-4d1f-b788-4c91953ccef9,goldensnake421,champs,P0L1zXn4,97ca089ddff21a59b233b40158fb57bd,4e249677b1efe87386f84f6823eae689aba66073,e4d9e5e86cf43295cd81766018aa753cc1ea7c21a1671da5e51bd48d272f06ec,1982-01-14T09:45:54.565Z,44,2011-11-23T16:42:43.654Z,14,SID,537672332,https://randomuser.me/api/portraits/men/98.jpg,https://randomuser.me/api/portraits/med/men/98.jpg,https://randomuser.me/api/portraits/thumb/men/98.jpg
male,adryn.slry@example.com,078-44300644,0965-121-0077,IR,Mr,آدرین,سالاری,7534,سبلان جنوبی,شیراز,مرکزی,Iran,37120,53.8073,-110.7476,-12:00,"Eniwetok, Kwajalein",5c5f832b-d380-4e6f-b2db-abd324e1a4e7,smalltiger978,1515,Em1EsIfn,bd8f1b6b5efbd8c9042c60d220b45ac6,8fa440e4864509f9f3aef6b2068ab64a9bd20264,790de5e2184300a313479c25c3b153adf7ee6fea9364e53b2da96adffc443824,1945-03-17T21:15:46.932Z,81,2009-12-07T23:39:14.301Z,16,,,https://randomuser.me/api/portraits/men/79.jpg,https://randomuser.me/api/portraits/med/men/79.jpg,https://randomuser.me/api/portraits/thumb/men/79.jpg
male,noah.mortensen@example.com,19864270,32561303,DK,Mr,Noah,Mortensen,9897,Skibhusvej,Allinge,Midtjylland,Denmark,50307,-60.7163,57.0379,-2:00,Mid-Atlantic,88147d6b-45e3-4c9d-a8e9-ff6e5d42925a,beautifulladybug348,blaster,umSSpRDj,538b932cffc964f0a2d518a0365f9979,694dc32a4b3baa6b1415b51588f87da48fc115cc,f41aad9a7a868effed6d4d0a3c3df6adb5b6474e1a1cfa30668db1b9da8a72fa,1967-08-15T08:32:51.921Z,58,2009-12-12T13:21:35.238Z,16,CPR,150867-6708,https://randomuser.me/api/portraits/men/12.jpg,https://randomuser.me/api/portraits/med/men/12.jpg,https://randomuser.me/api/portraits/thumb/men/12.jpg
female,barb.parker@example.com,0116925 739 0304,07754 286439,GB,Ms,Barb,Parker,9926,London Road,Plymouth,Cheshire,United Kingdom,ZO7 7SQ,-78.5777,-49.4217,+4:30,Kabul,638e3809-4b9b-4233-8c4f-199621f8ede2,heavybutterfly536,ellen,nH47MZ1Y,43b0dd515f6fdb23c36e68f4fa0c0633,701f28ca67dc8ec159edade96968004877031b0d,bc01c34caba822156f51fe80238b0c5de3d576376a46c2974f3867f641f6edf1,1994-03-23T23:37:50.548Z,32,2004-08-16T07:26:54.168Z,21,NINO,NL 65 77 26 K,https://randomuser.me/api/portraits/women/24.jpg,https://randomuser.me/api/portraits/med/women/24.jpg,https://randomuser.me/api/portraits/thumb/women/24.jpg
male,aurelio.rousseau@example.com,078 684 82 44,078 436 95 89,CH,Monsieur,Aurelio,Rousseau,2178,Rue Courbet,Haute-Sorne,Schaffhausen,Switzerland,6432,-31.8818,79.6935,0:00,"Western Europe Time, London, Lisbon, Casablanca",cb77696f-beda-4aff-8023-9f9df39382f6,crazyelephant112,stacie,Kftolk8D,125d93df4c8710b81a16c32dad0fa06b,43414c1e5310ef9208a0d276cea6fc9ea5f25ba8,551b4bd1d90bd9f9835e25d2f2ad82e14e82a2789173e90fc4816a4b05c2ed9a,1983-04-17T17:25:20.099Z,43,2016-08-28T08:28:21.955Z,9,AVS,756.9373.1755.32,https://randomuser.me/api/portraits/men/27.jpg,https://randomuser.me/api/portraits/med/men/27.jpg,https://randomuser.me/api/portraits/thumb/men/27.jpg
male,mladen.jeremic@example.com,037-3130-272,067-7317-914,RS,Mr,Mladen,Jeremić,1183,Miroslave Bobić,Jagodina,Jablanica,Serbia,16391,-38.2191,7.0406,+3:00,"Baghdad, Riyadh, Moscow, St. Petersburg",bd7c4f82-57e1-47e8-ac05-8819fc83f284,brownrabbit455,bonkers,I72CMfjE,170cc3e9aaad1f190f10a8a0d8fa3d01,2ce996c97580c0f142e0691233fd593b49c8574b,8a876186d8098e0a2282dfff1edde811416ee77df78c0b94d46867ca3436c474,1997-03-16T15:46:53.137Z,29,2016-12-21T03:19:18.226Z,9,SID,668851028,https://randomuser.me/api/portraits/men/14.jpg,https://randomuser.me/api/portraits/med/men/14.jpg,https://randomuser.me/api/portraits/thumb/men/14.jpg
female,lily.clark@example.com,W46 I80-7693,P81 Y22-5310,CA,Mrs,Lily,Clark,632,Vimy St,Port Elgin,Newfoundland and Labrador,Canada,N6W 7P8,34.6852,163.7782,+10:00,"Eastern Australia, Guam, Vladivostok",192aaab9-ca95-466f-b9d4-fa7a2b192f00,sadswan767,luckydog,uOPOreP6,4ad1988ff9125856c97ddaf7f2e2c25d,5f84c3cfbe7c74f1e34c9c7ce1c761ab2fa52ed0,eaa45506413c2a7f62aa2bc825d1a7f078767a9c491e62802950ebaffaeafeac,1966-02-09T06:12:33.804Z,60,2021-04-14T21:01:14.550Z,5,SIN,843448846,https://randomuser.me/api/portraits/women/88.jpg,https://randomuser.me/api/portraits/med/women/88.jpg,https://randomuser.me/api/portraits/thumb/women/88.jpg
female,nella.koskinen@example.com,06-389-932,048-279-01-89,FI,Mrs,Nella,Koskinen,6557,Tehtaankatu,Hamina,Southern Savonia,Finland,85483,38.5826,144.9701,-5:00,"Eastern Time (US & Canada), Bogota, Lima",c403789d-442b-4f18-aa1c-e1a490b35a51,smallzebra803,stress,jQsRq8fF,ed9f0f72b24aec480cd50aef766d75c5,c86547345e4c638f54167d71236e165c1e53b83c,a714ff10f118617b3f8a36acf119387f18bea52daa76aa2f86989839b45f7afc,1958-06-08T07:01:20.812Z,67,2015-01-29T20:55:59.529Z,11,HETU,NaNNA306undefined,https://randomuser.me/api/portraits/women/59.jpg,https://randomuser.me/api/portraits/med/women/59.jpg,https://randomuser.me/api/portraits/thumb/women/59.jpg
female,anny.skjelbred@example.com,37236559,44124753,NO,Miss,Anny,Skjelbred,9900,Professor Dahls gate,Snurråsen,Hedmark,Norway,3674,47.6623,10.4865,-6:00,"Central Time (US & Canada), Mexico City",a7784d1f-ff8b-4ea8-a64f-682a65554e34,silvergoose904,jane,av8BYFDV,51ae2b589d2348e5e90df393f45fe29f,4714668f1abf8b415901dcd5f48d8522adc4fa6b,63aac1669f73308893a71f0b161cb0a2fa9b82158f6a21f53a22a8e25b17f4be,1983-12-19T17:50:56.689Z,42,2013-08-09T04:26:27.976Z,12,FN,19128341016,https://randomuser.me/api/portraits/women/36.jpg,https://randomuser.me/api/portraits/med/women/36.jpg,https://randomuser.me/api/portraits/thumb/women/36.jpg
male,srdan.malesevic@example.com,022-1422-789,065-5511-132,RS,Mr,Srđan,Malešević,7524,Siluanova,Zvečan,Pčinja,Serbia,61858,4.5481,-33.2209,-3:00,"Brazil, Buenos Aires, Georgetown",008dffa7-2469-494e-b21d-f361eb8e8861,ticklishtiger775,ling,H6xamovK,845f5aa7ece859bd1bfd783c24c3ea62,4663fe71957a13d8252eacb71e0f75fb2d0915a6,f8590da2bccd12d9da598cf4b371080c50bad5b1502620be84b5499e48d92ee5,1965-07-11T19:23:30.161Z,60,2013-02-05T16:06:46.565Z,13,SID,333239510,https://randomuser.me/api/portraits/men/51.jpg,https://randomuser.me/api/portraits/med/men/51.jpg,https://randomuser.me/api/portraits/thumb/men/51.jpg
female,giovana.moreira@example.com,(50) 4287-4294,(93) 1936-1475,BR,Mrs,Giovana,Moreira,2193,Rua Espirito Santo ,Americana,Rondônia,Brazil,33232,21.4539,42.6161,+3:30,Tehran,daf8226a-7e1c-4311-ba0a-bdaea4ea64be,ticklishfish185,basketba,UdzvL4HT,fc19436b4d490d8a6303d054bcb5ae47,d050d83a6bb16685593f0432f222b43ba7ec8f18,31badab807e43ac5ab368d21dbae1ccb065a9d53fb910de6937ac41184fde2de,1980-04-14T23:11:52.349Z,46,2010-08-01T14:45:33.125Z,15,CPF,323.851.237-84,https://randomuser.me/api/portraits/women/17.jpg,https://randomuser.me/api/portraits/med/women/17.jpg,https://randomuser.me/api/portraits/thumb/women/17.jpg
male,aaron.clement@example.com,05-92-21-12-72,06-18-69-29-12,FR,Mr,Aaron,Clement,6121,Rue de la Mairie,Saint-Pierre,Guadeloupe,France,28448,46.2319,-164.8360,-2:00,Mid-Atlantic,d7878272-baee-4cc5-9d90-e2c2f139fdeb,bigmeercat651,sidney,WOpXAxaE,8ee5b5c7204a8d32b20ff14c6dc8db1e,5312ba19aa4ac30e06101ab9763386ebc1f409f6,ebede9416e69c6a1a428eaaf4367d16ac0114f6d06e7a979f5ba25ef5eb37c6f,1948-06-17T14:04:46.201Z,77,2017-08-12T20:31:22.496Z,8,INSEE,1480535390695 52,https://randomuser.me/api/portraits/men/64.jpg,https://randomuser.me/api/portraits/med/men/64.jpg,https://randomuser.me/api/portraits/thumb/men/64.jpg
male,hudson.morris@example.com,(102)-986-5756,(015)-151-5471,NZ,Mr,Hudson,Morris,2764,Wainoni Road,Timaru,Auckland,New Zealand,20484,20.6169,-96.8802,+11:00,"Magadan, Solomon Islands, New Caledonia",dae21363-4c80-4621-b40f-7e880af343bc,greenpanda128,741852,J2abh9AN,7515a3c1e4f073b6ee58f6fd5249c996,bf55d5978403c479a5b2b72d806297316aebaad2,1659201341f189e38c55cf96e0168df0bdf265190051dbed48223f5a2a89ba16,1950-04-14T00:15:00.451Z,76,2002-05-24T18:10:54.789Z,23,,,https://randomuser.me/api/portraits/men/65.jpg,https://randomuser.me/api/portraits/med/men/65.jpg,https://randomuser.me/api/portraits/thumb/men/65.jpg
female,ivana.teixeira@example.com,(99) 0583-9028,(90) 5037-4276,BR,Mrs,Ivana,Teixeira,1529,Rua Um,Birigüi,Rio Grande do Sul,Brazil,76575,31.8931,172.5817,-8:00,Pacific Time (US & Canada),a5be1baa-3458-48b4-9b3d-7483ea820b24,whitefish670,michael1,q2MArNXE,ed85baed82995ead35c3fe0ab3e9491e,d3c6e4ef6873399e65c3ccdb593513f7e998f6f2,37a823ecd6f0ac916ad109c75f771f36654ae773e04f79d4372f8b191ad1a372,1983-06-20T04:21:03.609Z,42,2002-12-23T10:09:13.979Z,23,CPF,916.941.646-02,https://randomuser.me/api/portraits/women/65.jpg,https://randomuser.me/api/portraits/med/women/65.jpg,https://randomuser.me/api/portraits/thumb/women/65.jpg
male,alexander.gagne@example.com,N63 B32-4148,L81 G47-2759,CA,Mr,Alexander,Gagné,646,Wellington St,Woodstock,Saskatchewan,Canada,R7W 9S5,35.6426,-105.3890,+9:30,"Adelaide, Darwin",319db058-393f-44f8-b77f-5cf7bad82735,ticklishgorilla360,stumpy,NvGovaqX,aac5e8f7913ddec363b0861df2d0dcce,ac46e626845a4a8299f16b206409e872b74b6e95,919ed8f3aeb80c2e6a8f96172be9111ce2d641f9033054b14a0b4dda045fceb7,1981-07-01T11:22:09.664Z,44,2006-02-10T16:25:54.767Z,20,SIN,337876858,https://randomuser.me/api/portraits/men/26.jpg,https://randomuser.me/api/portraits/med/men/26.jpg,https://randomuser.me/api/portraits/thumb/men/26.jpg
male,radoslav.blagojevic@example.com,012-3395-620,062-2987-045,RS,Mr,Radoslav,Blagojević,7665,Dušana Damjanovića,Kikinda,Rasina,Serbia,48812,41.7876,32.0868,+6:00,"Almaty, Dhaka, Colombo",60358858-670d-479c-84c8-342ca922e00a,goldenbutterfly738,2121,Uw7LEEVl,7f6cf281c8a67e8b8ad38751859d8431,509f7a3b7a40f6453251f567c956f2d3d99ae0ae,df2e7e2062f2fa06f544ef299ca1bf201372a5a1401030990d59f3446e1ab8c3,1981-01-05T18:34:30.190Z,45,2021-01-20T06:08:59.025Z,5,SID,254038812,https://randomuser.me/api/portraits/men/90.jpg,https://randomuser.me/api/portraits/med/men/90.jpg,https://randomuser.me/api/portraits/thumb/men/90.jpg
female,vera.teodosic@example.com,024-0310-016,068-3170-599,RS,Miss,Vera,Teodosić,9782,Gligorija Jeftanovića ,Svilajnac,South Banat,Serbia,11416,-44.9179,-116.8528,-2:00,Mid-Atlantic,a5162ba4-afcb-4518-b12e-0827a7953132,orangekoala363,mancity,sBtYOyZE,edf4a8bd77067b020a885d66deaaf852,f8ec712e98706e73bf4a90aca64d33a4fe661c5a,43c480a574518f0ebc96aa9aace3ac9987dbdfa2b41bb0c6d794caba5d7fa718,1995-07-05T03:44:59.032Z,30,2002-05-29T22:43:21.691Z,23,SID,196898160,https://randomuser.me/api/portraits/women/26.jpg,https://randomuser.me/api/portraits/med/women/26.jpg,https://randomuser.me/api/portraits/thumb/women/26.jpg
female,leticia.rolland@example.com,079 339 00 98,076 464 78 29,CH,Mademoiselle,Leticia,Rolland,1914,Rue Cyrus-Hugues,Zermatt,Thurgau,Switzerland,7520,-68.4344,-3.3191,+5:00,"Ekaterinburg, Islamabad, Karachi, Tashkent",3e32cc5f-4a27-49f8-9cf2-db9e9cb47dce,greendog645,starter,y0Z9bmVp,d2085143ad76e7b55f2e98e5a8f204ca,fd9fb5bd0e66d74079f05ff8116217c3ed12a206,f30de2e1e257b823fc95dd28306adbe6c1cbb7f9eada57f03a5306eba45fec41,1950-12-16T13:48:32.955Z,75,2022-03-02T13:38:40.609Z,4,AVS,756.3373.7628.40,https://randomuser.me/api/portraits/women/42.jpg,https://randomuser.me/api/portraits/med/women/42.jpg,https://randomuser.me/api/portraits/thumb/women/42.jpg
female,alex.williams@example.com,071-893-5032,081-559-8853,IE,Miss,Alex,Williams,4812,Denny Street,Ballina,Laois,Ireland,84976,62.9742,36.8025,-3:30,Newfoundland,42399c18-69f6-43f9-9c3d-2bc2994381a7,redzebra924,gspot,58nTF60X,e0aacd73359d20aa0a11c12f5b972a7c,017a8c3f8bc76bd3788f77a697b43e01c0788719,92da1bdac1e01faa538e1d18ecae95374fbf7b8c738d6992642ecb9df2162148,1990-02-04T04:17:30.391Z,36,2006-11-26T02:08:48.106Z,19,PPS,6571968T,https://randomuser.me/api/portraits/women/19.jpg,https://randomuser.me/api/portraits/med/women/19.jpg,https://randomuser.me/api/portraits/thumb/women/19.jpg
female,magdalena.simonovic@example.com,034-2409-466,062-3691-805,RS,Mrs,Magdalena,Simonović,153,Dr Dragoljuba Sretenovića,Blace,Kosovo-Pomoravlje,Serbia,20469,-48.2016,-28.5636,-4:00,"Atlantic Time (Canada), Caracas, La Paz",437107d8-d6f7-4528-bb8d-01eeb9420872,crazymeercat889,wingman,THKZVc5k,c905303f0a0795949ed5d662a02efc34,34058c2838824d98cd8fc66539dbd3b716151313,8914b445f01eecb464384b68d573b9addfb565355df2eac61ff1a66b951920ee,1969-05-20T04:23:32.117Z,56,2017-03-22T05:50:20.725Z,9,SID,636637242,https://randomuser.me/api/portraits/women/23.jpg,https://randomuser.me/api/portraits/med/women/23.jpg,https://randomuser.me/api/portraits/thumb/women/23.jpg
female,sofia.edwards@example.com,(406)-205-8981,(173)-958-6687,NZ,Ms,Sofia,Edwards,9370,Highbrook Drive,Invercargill,Northland,New Zealand,68954,-84.1974,166.8804,-1:00,"Azores, Cape Verde Islands",60bcab48-6d47-40e0-834f-22b2dd7190bf,blackfrog995,stud,Cj4Wfx89,3bd80e9e60c1e97d49734b95a16925fa,4b5149b04d83523bdaf0b52506750f333a309ce2,e037a16d94c4ea15c8a5df66412a4f6ae315a1bf8cf6b205e567dc7acae75484,1949-07-05T02:19:58.778Z,76,2004-01-26T12:42:50.460Z,22,,,https://randomuser.me/api/portraits/women/87.jpg,https://randomuser.me/api/portraits/med/women/87.jpg,https://randomuser.me/api/portraits/thumb/women/87.jpg
female,maeva.martin@example.com,I83 N21-5331,U87 T04-9839,CA,Miss,Maeva,Martin,5546,Maple Ave,Cochrane,Northwest Territories,Canada,U3L 8F5,23.1534,-81.3480,+4:30,Kabul,c47698af-06f0-496b-b8f7-879d4ab1a8aa,purpleleopard784,gatsby,rfv9po7P,9345e8d110b6b47fafd7bb0bf4cda3e3,e8d11c2f45554f4a3487f9de7b37ac3f58fe29f5,8599be45b26ca682e71233df912f53a443ef301068be1bbffbb2ab0e93944786,1980-12-20T10:18:45.476Z,45,2007-02-10T03:20:03.072Z,19,SIN,494884372,https://randomuser.me/api/portraits/women/53.jpg,https://randomuser.me/api/portraits/med/women/53.jpg,https://randomuser.me/api/portraits/thumb/women/53.jpg
male,demid.lisickiy@example.com,(097) W81-8864,(099) E35-9433,UA,Mr,Demid,Lisickiy,9330,Ievropeyska,Yalta,Zakarpatska,Ukraine,90277,-64.6364,35.6600,-8:00,Pacific Time (US & Canada),43c1a6f2-1b9c-44ad-a313-c9af7dcf00ef,lazycat290,kilroy,Z8KEqxjN,b752bb0ea6edb6230d4d22d860643457,009b619ea9b236b95c5e9b9a8f2a6f34e95185e6,88043ebd511b2a406f80199d817b9ebd7c9a7f9a1df75b0344c5c1abc3e5117e,1983-11-08T17:27:00.979Z,42,2021-10-22T02:07:15.317Z,4,,,https://randomuser.me/api/portraits/men/48.jpg,https://randomuser.me/api/portraits/med/men/48.jpg,https://randomuser.me/api/portraits/thumb/men/48.jpg
female,silvia.marquez@example.com,912-343-588,640-258-231,ES,Miss,Silvia,Márquez,6858,Calle de Tetuán,Barcelona,Melilla,Spain,66038,-3.8251,66.9922,-10:00,Hawaii,29c25775-b8ee-494a-9b5a-cc3a0d344b12,redgoose384,cornell,seQf5TdQ,06ab8ff01d9399f7c1cd8705b8e7cdc1,fadada367177de3be4457566a8833bff94cfaa99,af25cad836fbb4b1a5b15487a34e345d2d1d242ef076575ca479f04f92fe2ff7,1963-11-19T23:49:34.642Z,62,2006-12-10T15:46:17.752Z,19,DNI,45383610-K,https://randomuser.me/api/portraits/women/96.jpg,https://randomuser.me/api/portraits/med/women/96.jpg,https://randomuser.me/api/portraits/thumb/women/96.jpg
male,valentin.moreno@example.com,939-295-958,684-882-890,ES,Mr,Valentín,Moreno,1192,Calle de Ferraz,San Sebastián,Castilla la Mancha,Spain,94996,-60.6093,21.9524,+3:00,"Baghdad, Riyadh, Moscow, St. Petersburg",0df3b15a-82d4-4f45-afb3-34f4e49a20c6,whitefrog581,teen,YX08OkjO,2c04b18eca48130c12ea80398cb6d702,24e49436b8efa3390fc85407fddc6e72624cc0df,29f8991141d3005550853717783ca98346a294988c27cef391327a2bfee10d7d,1992-06-29T17:44:47.875Z,33,2021-02-27T13:07:37.731Z,5,DNI,73264582-D,https://randomuser.me/api/portraits/men/5.jpg,https://randomuser.me/api/portraits/med/men/5.jpg,https://randomuser.me/api/portraits/thumb/men/5.jpg
female,agathe.leroux@example.com,03-39-07-75-31,06-24-28-28-54,FR,Mrs,Agathe,Leroux,25,Rue Louis-Blanqui,Bordeaux,Drôme,France,45423,17.9082,44.0717,+7:00,"Bangkok, Hanoi, Jakarta",4cb2521e-4b21-4e35-81de-3c639eb6aa1d,brownbutterfly934,1103,vy8KolGP,1c24261e2baf6e953799a3ea66ea1d37,e76f067113d4b411ad337b74395f1596f52feee5,b13b5ed56aceaf1794312235c34614f6f6807b44255b2b310d2cbb4d906a6594,1954-06-06T02:20:26.631Z,71,2020-04-18T00:36:09.767Z,6,INSEE,2540552566055 41,https://randomuser.me/api/portraits/women/39.jpg,https://randomuser.me/api/portraits/med/women/39.jpg,https://randomuser.me/api/portraits/thumb/women/39.jpg
male,karl-dieter.klaus@example.com,0854-9866754,0172-3859321,DE,Mr,Karl-Dieter,Klaus,5253,Jahnstraße,Sinsheim,Nordrhein-Westfalen,Germany,43069,-12.8415,126.6314,-9:00,Alaska,af9b1805-3050-4ded-94a5-f4396273c21e,organicpanda721,dogman,Vn5eyW6i,65da7a5177491c85b1add2f08c69b381,6c07a73992c26051c167639bff0c9f50a9a6ca27,c2def32dafec38eccf2f21020b25f3e6d61342b99dc678c54ae8228e0486c17c,1949-10-25T03:20:09.568Z,76,2013-03-13T01:53:40.517Z,13,SVNR,18 241049 K 020,https://randomuser.me/api/portraits/men/62.jpg,https://randomuser.me/api/portraits/med/men/62.jpg,https://randomuser.me/api/portraits/thumb/men/62.jpg
female,minea.hautala@example.com,06-074-771,044-804-00-62,FI,Mrs,Minea,Hautala,9907,Otavalankatu,Kangasala,Päijät-Häme,Finland,90237,54.9609,2.3808,+5:00,"Ekaterinburg, Islamabad, Karachi, Tashkent",10ce0aed-a3a9-4c43-ab1d-5037b9fc475e,beautifulcat834,chavez,QeuCQzGV,0177033d3d8a0c30a59ddce2a1ffd82b,a58952fccdfb13e354be63ac18335316fff23cf0,f306307e772f00154cc370bfbb9b71f172eee6473ca3b1a59927a7102d2212b9,1952-11-09T17:30:31.282Z,73,2011-11-24T22:46:56.260Z,14,HETU,NaNNA716undefined,https://randomuser.me/api/portraits/women/19.jpg,https://randomuser.me/api/portraits/med/women/19.jpg,https://randomuser.me/api/portraits/thumb/women/19.jpg
male,francis.armstrong@example.com,04-6554-3260,0433-489-381,AU,Mr,Francis,Armstrong,6250,E Sandy Lake Rd,Tamworth,South Australia,Australia,2240,9.7767,95.9348,+3:00,"Baghdad, Riyadh, Moscow, St. Petersburg",4a9a002b-ae28-48c9-93c8-29c9f1b7ce06,lazygorilla687,emerald,FouFtM0T,be899c89760b2b3b2bd0d822f2e44d6e,a30e6326105dc61bd6dfe81473e215162c58622c,394924ccd0bc950cbeebb15b126119baa8fe9fe0ca827a77ea0e0c489a091dad,1986-05-18T16:18:50.505Z,39,2014-11-15T20:25:42.962Z,11,TFN,517803437,https://randomuser.me/api/portraits/men/39.jpg,https://randomuser.me/api/portraits/med/men/39.jpg,https://randomuser.me/api/portraits/thumb/men/39.jpg
female,olive.martin@example.com,(878)-306-9344,(070)-818-8463,NZ,Ms,Olive,Martin,5923,Northgate,Christchurch,Gisborne,New Zealand,91790,-19.3088,-0.2434,+6:00,"Almaty, Dhaka, Colombo",659dbadb-db6d-4029-8857-140182d34497,organicpanda910,chicken,RMFKwSJG,517374e2015f26e0220d16679b166a4c,f49db57750b8e22c5241779153aa520f0fc6876a,327d865283332698a80fa0079326a03f0d4d88dbac4e723c7e9a7da5d15ec924,1990-07-29T08:01:20.494Z,35,2008-11-17T19:41:55.638Z,17,,,https://randomuser.me/api/portraits/women/41.jpg,https://randomuser.me/api/portraits/med/women/41.jpg,https://randomuser.me/api/portraits/thumb/women/41.jpg
male,joaquin.santana@example.com,913-610-752,608-576-262,ES,Mr,Joaquin,Santana,524,Calle Mota,Barcelona,Navarra,Spain,44742,28.1598,168.5825,+5:00,"Ekaterinburg, Islamabad, Karachi, Tashkent",ea8c35d8-6dbf-4397-b307-26953fdb7326,heavymeercat236,micheal,LECO2LwN,f1392dc11df89ed0b66d8628dd870a60,d7f696951460ccfcd8d503142a7e0917e7d8c11b,94ff8581bca874bd16305e1e6a141458e10a69f56399122b6e18f47f25775791,1955-02-13T09:24:17.977Z,71,2002-09-12T08:43:06.509Z,23,DNI,44008097-Y,https://randomuser.me/api/portraits/men/52.jpg,https://randomuser.me/api/portraits/med/men/52.jpg,https://randomuser.me/api/portraits/thumb/men/52.jpg
female,winnie.koopmanschap@example.com,(059) 2945906,(06) 60029357,NL,Miss,Winnie,Koopmanschap,2041,Benit,Hoofddorp,Overijssel,Netherlands,5915 EO,-9.5401,-127.0687,+10:00,"Eastern Australia, Guam, Vladivostok",a019add0-c7dd-4033-8267-19c1fbdf2204,browngorilla757,cocacola,iMChAL1c,f0760e99ea87e877e2db6c898a52537f,10f032d55fd9576c9d74429ce92a2279a9a8208b,9bfc8fa72424b97dbeb7be4038d63c4920098d1d9f1bbf710feb4f5c6079c7b6,1988-10-03T11:04:07.333Z,37,2021-08-22T02:33:29.381Z,4,BSN,31763423,https://randomuser.me/api/portraits/women/53.jpg,https://randomuser.me/api/portraits/med/women/53.jpg,https://randomuser.me/api/portraits/thumb/women/53.jpg
female,helmi.tikkanen@example.com,03-493-975,049-856-11-50,FI,Miss,Helmi,Tikkanen,6626,Mannerheimintie,Tervola,Uusimaa,Finland,14922,33.9216,52.5719,+9:00,"Tokyo, Seoul, Osaka, Sapporo, Yakutsk",22a9bfb0-d00e-49eb-a8ea-f9d6c3e35c5a,yellowbird725,baltimor,tK2fzJBh,0cc38759aa7c6426679fa67eb229f8af,6953e616aaea312e65cc139e4fd9e68dc4844cda,7b905e7aa8760a6a0791549da418ce5954240db442d6e29fb8b0143818bae03a,2001-04-23T00:26:18.611Z,24,2002-12-13T22:38:25.194Z,23,HETU,NaNNA566undefined,https://randomuser.me/api/portraits/women/14.jpg,https://randomuser.me/api/portraits/med/women/14.jpg,https://randomuser.me/api/portraits/thumb/women/14.jpg
male,aiden.griffin@example.com,041-208-0701,081-013-0047,IE,Mr,Aiden,Griffin,8371,Rochestown Road,Loughrea,Clare,Ireland,58713,-3.6613,175.1814,-6:00,"Central Time (US & Canada), Mexico City",8fa0e4a6-fd28-4ab1-af86-bac455496040,bluebutterfly360,flower2,bJQm9bnq,cda9cfce71699bea25232f116a6dd03a,a9212bbb7af0825e928fca60135a074208a704bf,8a55df35352f7db23079748642821224b4e3752b4ab03771a48db69d25f5fa9c,1947-08-01T17:09:21.567Z,78,2006-08-16T01:42:20.165Z,19,PPS,5021903T,https://randomuser.me/api/portraits/men/22.jpg,https://randomuser.me/api/portraits/med/men/22.jpg,https://randomuser.me/api/portraits/thumb/men/22.jpg
male,emil.halla@example.com,07-664-161,042-889-35-20,FI,Mr,Emil,Halla,6594,Otavalankatu,Ilmajoki,Päijät-Häme,Finland,88147,45.6113,-58.9118,+4:00,"Abu Dhabi, Muscat, Baku, Tbilisi",9a473d74-8130-4def-86cc-d76510977a92,redleopard722,marino13,G3pQBKSh,92f9c69b931bebb116beb3b9d6c6d7d9,40a52c0d3890bd0197efe7fd9c01fd6bacc717ed,292be98189f4e80b0b8e84b2bff069dc6bc386bd8a6b6ad065ba91b44fdf8766,2000-09-03T01:16:26.788Z,25,2022-05-16T10:24:44.591Z,3,HETU,NaNNA073undefined,https://randomuser.me/api/portraits/men/97.jpg,https://randomuser.me/api/portraits/med/men/97.jpg,https://randomuser.me/api/portraits/thumb/men/97.jpg
male,daniel.denys@example.com,V38 L98-7590,Z15 U47-7989,CA,Mr,Daniel,Denys,5709,Queen St,Selkirk,British Columbia,Canada,K6Y 6N6,-41.0071,-110.2959,+2:00,"Kaliningrad, South Africa",01bc41b8-6fb0-4575-bbb4-b7220746612f,bigwolf901,soulmate,S7Cnvlk5,fa92b333a76d905b3bd49098dd13ab34,67101a1f7b8718c3b15605e789af32f80ca2e5b2,5de9fc92d09019bfeb3d04e45fd1b0108192ec9f523cd70f5043326cd0fd5b41,1977-06-28T07:45:54.689Z,48,2013-01-02T03:11:27.431Z,13,SIN,666626908,https://randomuser.me/api/portraits/men/7.jpg,https://randomuser.me/api/portraits/med/men/7.jpg,https://randomuser.me/api/portraits/thumb/men/7.jpg
female,deveny.hartsuiker@example.com,(0572) 515681,(06) 06549549,NL,Ms,Deveny,Hartsuiker,8644,J.T.P. Bijhouwerhof,Sint Agatha,Zuid-Holland,Netherlands,0498 EC,70.6973,36.2151,-6:00,"Central Time (US & Canada), Mexico City",64c0438a-2505-49c0-97e2-abaf5a1338ef,crazytiger333,starcraft,J4fxZwQs,77d3abacef203221bfb1f9fb47a3fd65,8373fe51f1e0de773ea5eaf2e6cad76b743765f5,e42ff73bc26b608b031d71aba22647e002da0e1173b11dda7cbc37a6214fd674,1975-08-03T19:43:26.736Z,50,2002-07-01T12:50:38.053Z,23,BSN,75629006,https://randomuser.me/api/portraits/women/38.jpg,https://randomuser.me/api/portraits/med/women/38.jpg,https://randomuser.me/api/portraits/thumb/women/38.jpg
male,benjamin.jimenez@example.com,016974 03082,07082 912063,GB,Mr,Benjamin,Jimenez,2329,Chester Road,Wells,Kent,United Kingdom,F2E 9GR,21.2717,119.2898,0:00,"Western Europe Time, London, Lisbon, Casablanca",dd5717d1-4321-47f6-a909-112e84fae38b,heavykoala274,wings,fmGPIeEL,3e4276097755bc42ab6a11380deec465,c24109791afa4c3dbc1feb1646accec201d3df16,11e50b676abeb9a3be824a1d69570925fbe6b5931c854fcf78de685c75096275,2001-03-25T20:15:27.773Z,25,2010-10-07T16:49:53.584Z,15,NINO,HE 54 10 12 A,https://randomuser.me/api/portraits/men/6.jpg,https://randomuser.me/api/portraits/med/men/6.jpg,https://randomuser.me/api/portraits/thumb/men/6.jpg
male,bror.svendsen@example.com,54428261,93127124,NO,Mr,Bror,Svendsen,1886,Lille Stensrud,Sande,Hordaland,Norway,5380,-33.4749,149.5011,-1:00,"Azores, Cape Verde Islands",0406ac06-25cc-49d8-8389-db773cf70174,smallwolf108,blabla,Vzel9zNN,1bd82d8ae9a6e18a0d705951990b7b73,587f8e2bf18b10ed29e31c8c892f66ccfb789aeb,9bad326ed19f79d5e3b1c4bb22982957c92746be342f61903a513bacf2ade503,1965-06-27T05:55:47.744Z,60,2015-11-14T20:19:58.835Z,10,FN,27066506385,https://randomuser.me/api/portraits/men/14.jpg,https://randomuser.me/api/portraits/med/men/14.jpg,https://randomuser.me/api/portraits/thumb/men/14.jpg
male,christian.alonso@example.com,945-045-062,615-255-020,ES,Mr,Christian,Alonso,6469,Calle de Tetuán,Ferrol,Castilla la Mancha,Spain,16610,88.1283,-10.6104,+7:00,"Bangkok, Hanoi, Jakarta",cf1fb3b2-d5fe-4b44-aec6-bd9ae3de1e3a,organicfish702,plato,0eQeewT0,4073f7f0189a7c0b8841ef91277f3d56,49f40fcb1d68a690bbb81cdac2e92af213f16032,0865af50045825fd00905aa9dfdfbf7eb70cb774956500b4ca183a479c73e020,1993-07-21T09:54:21.622Z,32,2011-07-28T02:00:38.035Z,14,DNI,76960949-P,https://randomuser.me/api/portraits/men/34.jpg,https://randomuser.me/api/portraits/med/men/34.jpg,https://randomuser.me/api/portraits/thumb/men/34.jpg
male,aashish.uchil@example.com,7874462862,8902788984,IN,Mr,Aashish,Uchil,7058,Sitabuldi Main Rd,Naihati,Karnataka,India,63382,-84.5779,-32.8646,+11:00,"Magadan, Solomon Islands, New Caledonia",7fc309d6-e95c-4eb5-8015-1b964e965e41,sadbear592,4417,g2jAvapz,64efecdc9c720799902a505d7d535215,d783f8586f0c716dc830b2ac7098a5ffd7b56b3e,5c75098387c2cc606b7649fdd66c05763065aeb51b2e3c55f56267561c0feec2,1967-01-11T19:45:35.848Z,59,2003-01-15T09:48:04.644Z,23,UIDAI,377352468756,https://randomuser.me/api/portraits/men/10.jpg,https://randomuser.me/api/portraits/med/men/10.jpg,https://randomuser.me/api/portraits/thumb/men/10.jpg
female,hayley.li@example.com,(491)-478-3787,(880)-873-2229,NZ,Miss,Hayley,Li,6778,Abbotts Way,Auckland,Otago,New Zealand,44542,53.1660,126.7401,+5:30,"Bombay, Calcutta, Madras, New Delhi",3f8cca96-4db5-401e-9e65-73d52be82f13,yellowswan387,bonkers,PllxYjhn,b563f97a4c842572bb48b07838348afe,4c72d762c66e33044911e93cc4d3d26ab5bedf81,16963ea5137739eea2e97cec000767bfb81573b0239d9e8718749936a31c749e,1962-04-16T08:52:07.599Z,64,2015-01-15T15:06:23.428Z,11,,,https://randomuser.me/api/portraits/women/80.jpg,https://randomuser.me/api/portraits/med/women/80.jpg,https://randomuser.me/api/portraits/thumb/women/80.jpg
male,willi.lefevre@example.com,076 516 09 00,078 484 60 60,CH,Monsieur,Willi,Lefevre,4359,Rue de la Charité,Prangins,Ticino,Switzerland,4362,-78.8923,173.2435,-11:00,"Midway Island, Samoa",586a8cb3-a627-41e7-b769-d915322f7d44,bluelion134,rodeo,jHWM9D6S,3dd719558654110203771065174dbe7a,537a342eb0b82714993e5046e6d6f208e5427f95,70ccacc3d6909bd000413b209aa7b83c10ca32049824e356eb26a9de5c4ad133,1995-02-16T21:02:53.437Z,31,2011-12-18T19:31:02.213Z,14,AVS,756.7186.6234.62,https://randomuser.me/api/portraits/men/64.jpg,https://randomuser.me/api/portraits/med/men/64.jpg,https://randomuser.me/api/portraits/thumb/men/64.jpg
male,frederick.steward@example.com,015394 37641,07974 688376,GB,Mr,Frederick,Steward,9405,Albert Road,Leicester,Leicestershire,United Kingdom,P8 5WD,-87.5072,65.1032,-3:00,"Brazil, Buenos Aires, Georgetown",b49bac7c-477b-4659-b9de-e5b61c8954d4,tinytiger296,737373,faEtz3dd,43d91f27666251048ecb44ce66d144d3,5810bde6acfb25a3da85595a9f5900f487b7f810,5d1c277b14d910e96eedc0c06399449493d840839daa440e6ab684ffbbb6fb0b,1955-05-10T05:30:53.088Z,70,2003-02-19T01:20:10.345Z,23,NINO,OP 05 06 70 I,https://randomuser.me/api/portraits/men/96.jpg,https://randomuser.me/api/portraits/med/men/96.jpg,https://randomuser.me/api/portraits/thumb/men/96.jpg
female,priscilla.caldwell@example.com,(565) 523-8306,(310) 777-9994,US,Mrs,Priscilla,Caldwell,1683,Spring St,Scottsdale,Idaho,United States,10128,7.9635,-88.3000,-8:00,Pacific Time (US & Canada),8184218f-d7a1-4272-bc6e-b2ec62613c4b,greenkoala662,snow,6JIFPD0p,6a999fbe3c2936936ecb668db4026ca8,5acfeee66d640b704c2c13a367110f20678a6bed,0acae29794b3d4a7eb2d66b7e682aaefec71778fc92b33ce8e5df14d0d894a46,1968-05-18T22:12:18.802Z,57,2005-03-19T00:12:12.806Z,21,SSN,485-38-6217,https://randomuser.me/api/portraits/women/30.jpg,https://randomuser.me/api/portraits/med/women/30.jpg,https://randomuser.me/api/portraits/thumb/women/30.jpg
male,bnymyn.hydry@example.com,040-36165073,0928-628-1847,IR,Mr,بنیامین,حیدری,8827,اجاره دار,رشت,خوزستان,Iran,64668,38.9314,-59.5550,+6:00,"Almaty, Dhaka, Colombo",2cf17a9e-d820-44c1-ab39-f1ea5a5aaa41,organicbear766,people,a2iEKdfq,ed1a8053bb65ad43b1332b8ab0cc2a39,d9684e5bbcc7ce41c99be5b2f7555731f30ce802,e0cd0e9d3caa6e385289f8252abfaf8eb77b210cbad4ee6db9a26bd3e9d1be13,1976-09-17T23:48:50.308Z,49,2011-12-26T08:19:19.527Z,14,,,https://randomuser.me/api/portraits/men/12.jpg,https://randomuser.me/api/portraits/med/men/12.jpg,https://randomuser.me/api/portraits/thumb/men/12.jpg
female,letizia.nicolas@example.com,077 122 67 63,077 333 33 22,CH,Madame,Letizia,Nicolas,6127,Rue Abel-Hovelacque,Rüegsau,Aargau,Switzerland,8417,29.0608,156.5463,-10:00,Hawaii,8bdb6fed-7a5d-40ba-b59d-2f3385119294,bigleopard761,field,Vang1XMd,afe54d736c397f66a9bf8a484cd3cd43,2a630d12305577ac123d302a3ec4307cc1b49822,a16a67e25dd3180af0339ba02af8534ae83b53d89864adbe10cfab89fcc93f43,1969-03-01T05:27:48.735Z,57,2009-11-10T22:42:38.631Z,16,AVS,756.3316.6291.16,https://randomuser.me/api/portraits/women/66.jpg,https://randomuser.me/api/portraits/med/women/66.jpg,https://randomuser.me/api/portraits/thumb/women/66.jpg
male,georg.holscher@example.com,(0503) 302440,(06) 13739880,NL,Mr,Georg,Hölscher,897,De Meelkuip,Readtsjerk,Flevoland,Netherlands,5362 OB,60.4556,-17.0105,-1:00,"Azores, Cape Verde Islands",71d700a6-22ca-4891-84b4-54c15a4a9d1c,greenbird869,babydoll,oYmq7Cpc,6f78f4edbe70a3d1535f04ca27671a73,f7a606d93ee59a2d61bc3656e3081f106ad8a6ec,baf816a9becfabfa9fcb7ce241ebb40f309ee4cea09130337b2d0686f57784c8,1964-05-29T19:35:25.677Z,61,2021-10-07T07:00:20.732Z,4,BSN,30519917,https://randomuser.me/api/portraits/men/59.jpg,https://randomuser.me/api/portraits/med/men/59.jpg,https://randomuser.me/api/portraits/thumb/men/59.jpg
male,francisco.hernandez@example.com,945-270-579,673-616-910,ES,Mr,Francisco,Hernández,7919,Paseo de Extremadura,Fuenlabrada,Extremadura,Spain,31625,82.8897,125.6384,+7:00,"Bangkok, Hanoi, Jakarta",467498bc-ce67-439f-b1fd-706db723a73e,redbear567,maryjane,xy6aGv3v,392165ea9d063117df05f741db356ced,b014142e09c5324c166be10e2ff2fe560683cd0a,91f764507367374adf6d41f8ea429a3175356b0e55d805750b6d6c4a9ed829c8,1989-09-14T12:00:00.027Z,36,2014-03-18T11:37:52.517Z,12,DNI,70670588-X,https://randomuser.me/api/portraits/men/58.jpg,https://randomuser.me/api/portraits/med/men/58.jpg,https://randomuser.me/api/portraits/thumb/men/58.jpg
female,britney.caldwell@example.com,051-257-8225,081-091-5842,IE,Ms,Britney,Caldwell,8972,Boghall Road,Naas,South Dublin,Ireland,65524,-24.7877,-162.1054,+8:00,"Beijing, Perth, Singapore, Hong Kong",1d939717-944b-47e1-b58b-89b18f6a3206,yellowfish794,dustin,zdJHFlNN,5186f8513b3a679233bdd5d40d84c615,96da0127b521b3dcbf586149e5950e7243518d71,0b6d38766e15537fb9abfb1305c610c7a5a5e9f91a0164e3b89d515e81132199,1945-08-11T03:22:52.995Z,80,2015-07-28T19:02:29.759Z,10,PPS,5936278T,https://randomuser.me/api/portraits/women/35.jpg,https://randomuser.me/api/portraits/med/women/35.jpg,https://randomuser.me/api/portraits/thumb/women/35.jpg
male,tomas.solorzano@example.com,(683) 397 5353,(614) 759 0589,MX,Mr,Tomás,Solorzano,859,Calle Cadena,Catalinas (Francisco Villa),Guerrero,Mexico,95833,-70.6866,100.1461,+6:00,"Almaty, Dhaka, Colombo",51617245-caf9-49c3-a6f7-fb823f4c4193,purplebird567,tartar,49xKwVr8,a83f380b72ee2cdcba481edd1e492c5e,e70cc4b6d72d5722ce85dfeac3b2dc655d079836,10d09ce8043f8e2046301c46ad6e1eb8e5f1d77e0681d140c36b461233b0f34e,1977-10-19T10:35:56.817Z,48,2006-10-20T16:17:04.700Z,19,NSS,62 70 86 4943 3,https://randomuser.me/api/portraits/men/68.jpg,https://randomuser.me/api/portraits/med/men/68.jpg,https://randomuser.me/api/portraits/thumb/men/68.jpg
male,julio.murray@example.com,08-0968-8042,0411-214-991,AU,Mr,Julio,Murray,1093,Rolling Green Rd,Shepparton,Western Australia,Australia,1222,-52.7701,-101.3798,+4:30,Kabul,23eb9c1d-91f7-4ecd-a350-7a019975c323,bigbird422,boxers,aSEWpL38,b67a1d567b1a74fa2f1da1906114a3fd,95664b52ada27f41f27f96cd88c4206e98a16674,4294bd3b836ea87cdd61e0e1ab6446c82da14a6d6f7938043f39eb712d7800bb,1988-05-19T18:24:04.488Z,37,2002-04-18T15:18:24.886Z,24,TFN,496367234,https://randomuser.me/api/portraits/men/17.jpg,https://randomuser.me/api/portraits/med/men/17.jpg,https://randomuser.me/api/portraits/thumb/men/17.jpg
female,deniz.turkyilmaz@example.com,(778)-776-2441,(988)-568-0974,TR,Ms,Deniz,Türkyılmaz,2918,Istiklal Cd,Manisa,Uşak,Turkey,72633,-17.5496,17.3072,+7:00,"Bangkok, Hanoi, Jakarta",f256dc64-1a54-4656-9c75-0f025bf6413a,saddog597,brian1,x1PSvb3p,0ffa14e16350aa48abce1f325f6649b2,90b9c79273c90efecedbbfd2945119b0d3ccce5a,53ecd5bd2e93fa0a21b2c72e4a802923ce0817e50dc8de2077cf7ccef8b58831,1967-02-26T12:06:56.175Z,59,2005-04-10T02:01:02.201Z,21,,,https://randomuser.me/api/portraits/women/52.jpg,https://randomuser.me/api/portraits/med/women/52.jpg,https://randomuser.me/api/portraits/thumb/women/52.jpg
female,analuisa.valverde@example.com,(692) 285 9494,(633) 722 7231,MX,Mrs,Ana Luisa,Valverde,9919,Ampliación ex República Yugoslava de Macedonia,La Higuera,Tabasco,Mexico,42314,13.4308,-45.0894,-3:00,"Brazil, Buenos Aires, Georgetown",503eb69b-e771-4e00-ad1d-4a6574874e49,greenrabbit169,camille,J39RsnC2,7d6a75f2ebfd290b4db3cd20b0b84432,b8cbcfc39fc8221cc01f738d2153ca894fe257f0,27f1d626ed3739adf974ad1f8f3ee485671c82f84f01ac8136f008a32d58d4c1,1948-01-22T13:01:51.945Z,78,2013-07-04T05:26:41.470Z,12,NSS,49 90 41 1391 5,https://randomuser.me/api/portraits/women/20.jpg,https://randomuser.me/api/portraits/med/women/20.jpg,https://randomuser.me/api/portraits/thumb/women/20.jpg
female,helen.marie@example.com,075 240 76 78,079 787 33 36,CH,Mademoiselle,Helen,Marie,3272,Rue Paul-Duvivier,Granges-Paccot,Neuchâtel,Switzerland,3648,24.1200,140.5556,+9:30,"Adelaide, Darwin",408003e9-67b0-44e4-abe5-7b01b4481fa9,organicfrog413,cats,G8T7fICy,a53026899fa4ee63c52b87d8a6e75154,d0222c9a0bf10cb19e4681d5f4abbd8b6748ac3d,b38f4d27cfec46e6f4db2c31a0eba01b282f6c593282c086ed506f403cc0d862,2000-03-14T22:42:48.339Z,26,2019-05-31T15:35:27.729Z,6,AVS,756.6170.2585.17,https://randomuser.me/api/portraits/women/69.jpg,https://randomuser.me/api/portraits/med/women/69.jpg,https://randomuser.me/api/portraits/thumb/women/69.jpg
female,nelly.chavarria@example.com,(684) 277 1921,(677) 741 6700,MX,Ms,Nelly,Chavarría,4399,Prolongación Estonia,San Pedro Comitancillo,Coahuila,Mexico,53585,-64.1212,126.4077,-6:00,"Central Time (US & Canada), Mexico City",d7677de7-a8ae-4b9e-9ba5-a3ae1dd2a4b4,crazygoose270,maxxxx,W1p2QS51,3436b42aa3b0c8337d76bca40fe688b6,baaba419df10eec89da6e14b963256eb74e9f5dd,9c96cd74bcc9db0716b67a2d0d550a34f6117c26445abec622ef9b3ea3696539,1999-10-16T03:48:57.357Z,26,2010-10-06T12:24:11.323Z,15,NSS,53 25 04 3739 7,https://randomuser.me/api/portraits/women/29.jpg,https://randomuser.me/api/portraits/med/women/29.jpg,https://randomuser.me/api/portraits/thumb/women/29.jpg
male,felix.chow@example.com,W18 R51-5429,N25 M14-6985,CA,Mr,Felix,Chow,6613,Charles St,Hampstead,Manitoba,Canada,D5B 8H0,82.3297,-146.5627,-9:00,Alaska,8dcfc3a9-85df-4f53-a3cf-02cf60bbf1c3,crazyswan131,payton,AMB0QRKI,ab503d51e7ae25db6d1f5013db366b82,bc545f0f4ab42482760523a4dbb1c764a51be0cf,92224c42d737d26ec20d784003edffa73d8d8aca95c31d522b2fca6682cca5f6,1964-07-31T11:01:53.877Z,61,2010-02-12T02:46:37.563Z,16,SIN,881307110,https://randomuser.me/api/portraits/men/71.jpg,https://randomuser.me/api/portraits/med/men/71.jpg,https://randomuser.me/api/portraits/thumb/men/71.jpg
male,hsyn.nkwnzr@example.com,032-60868657,0918-653-5042,IR,Mr,حسین,نكو نظر,5004,پیروزی,ورامین,خوزستان,Iran,86965,-50.2904,176.4282,-2:00,Mid-Atlantic,ab5a05f7-c87c-47c5-ab96-3c45989e0723,bluepeacock712,stalin,YCdtr3Xk,3f253493b4ec178fad4bbf6c64b5f7c1,e485fd25af3f402811e58e3d9cc4fedbd9b84897,0ee5697108f3b8f83f8e31ea25786a6b57f6e9b7364ba3e4d800b7274db9c5b4,1998-11-05T20:43:20.688Z,27,2016-06-13T00:50:04.073Z,9,,,https://randomuser.me/api/portraits/men/76.jpg,https://randomuser.me/api/portraits/med/men/76.jpg,https://randomuser.me/api/portraits/thumb/men/76.jpg
male,malik.margaret@example.com,J79 F21-5701,K62 Q10-8562,CA,Mr,Malik,Margaret,6873,Dundas Rd,Fountainbleu,Northwest Territories,Canada,D0L 5Z4,-4.3276,107.4600,-7:00,Mountain Time (US & Canada),8626d3b6-5ccf-4a98-a603-3598dec58893,yellowbutterfly931,redwings,jxMeIila,c783800942a70d20670dc99cdcb94ca0,dec54f601757a08f1ca1fa652568c1dd06654f64,65430b9554bc66673208ffd0aab9b23448844e78bd0b59e0f7ecd731a181c6d8,1963-08-18T15:41:40.090Z,62,2019-05-22T13:16:21.736Z,6,SIN,969147016,https://randomuser.me/api/portraits/men/58.jpg,https://randomuser.me/api/portraits/med/men/58.jpg,https://randomuser.me/api/portraits/thumb/men/58.jpg
male,arnim.lehnen@example.com,0015-5164818,0172-1214141,DE,Mr,Arnim,Lehnen,291,Parkstraße,Herrieden,Schleswig-Holstein,Germany,54413,-58.1190,-13.8353,+6:00,"Almaty, Dhaka, Colombo",33bef989-2315-4355-935f-9300e5a59350,greengorilla686,jamess,d6Cplel9,dbad03d8e1bf2e66076094ce2a61ed7b,970a65ea9c0cd3455fe16cf085af5c57593a4715,15a761ae6e99db1cff53f38a1bd059348fa9223c75b409863dd36cd5b066d157,1960-05-16T20:19:43.124Z,65,2005-06-22T16:59:20.067Z,20,SVNR,63 160560 L 043,https://randomuser.me/api/portraits/men/77.jpg,https://randomuser.me/api/portraits/med/men/77.jpg,https://randomuser.me/api/portraits/thumb/men/77.jpg
female,drs.mrdy@example.com,023-07515857,0944-627-8197,IR,Miss,درسا,مرادی,8218,فلاحی,بیرجند,کرمان,Iran,10700,53.3963,-87.0684,+9:30,"Adelaide, Darwin",c0659e8b-1d41-4a62-8073-cc74e6e43f5a,greenelephant843,giant,iJ0Wzhcy,8c0ed2c3201f5c5d8efe4171a81dc85a,e80c57a1f10bfa61bfd66d7537a78a7018cc0adb,e600e9ecb586f4a779d7d6eac2b1666f7c67d93f86e9b112b35f6c3b16f0e5f4,1977-02-12T17:49:35.923Z,49,2012-01-05T06:10:51.993Z,14,,,https://randomuser.me/api/portraits/women/64.jpg,https://randomuser.me/api/portraits/med/women/64.jpg,https://randomuser.me/api/portraits/thumb/women/64.jpg
female,addison.martin@example.com,Y98 W67-2419,C06 K96-3382,CA,Mrs,Addison,Martin,200,Alfred St,Radisson,Yukon,Canada,I4C 1Y8,-64.1058,-34.3353,-7:00,Mountain Time (US & Canada),b9545c92-36bd-4662-8269-ad53ca4c6607,whiteostrich678,cocacola,TOZl7PhL,858c0822e463da41be96937762da55d7,35ca73b6be38dc0d2acf0cfb18e7a5f048218443,c98c3bc2742da050b0c0ac3cfa4d0bc1aaf0c8bdb2ae3578e5f8195631dabf96,1957-05-30T05:57:28.383Z,68,2021-05-12T15:51:58.057Z,4,SIN,370331639,https://randomuser.me/api/portraits/women/23.jpg,https://randomuser.me/api/portraits/med/women/23.jpg,https://randomuser.me/api/portraits/thumb/women/23.jpg
male,darren.phillips@example.com,011-136-9273,081-687-6914,IE,Mr,Darren,Phillips,9101,New Road,Longford,Donegal,Ireland,97892,55.8872,-146.7365,+3:00,"Baghdad, Riyadh, Moscow, St. Petersburg",991caee4-4224-4c43-aaf4-f24585f0be8c,crazyduck337,fredfred,QH9AaXNc,be12dd9b2bc8bf6d483c74460bcf2101,33d2c8c8fac770bf256d1feec2e82fd9be3ebf19,37da7ce2554aea4ec2942920af7397bd8bf776164e33e1479ec34768a970b377,1981-11-21T22:06:54.268Z,44,2010-01-29T03:29:51.095Z,16,PPS,1782602T,https://randomuser.me/api/portraits/men/71.jpg,https://randomuser.me/api/portraits/med/men/71.jpg,https://randomuser.me/api/portraits/thumb/men/71.jpg
female,mara.haussler@example.com,0291-1428598,0176-3458286,DE,Ms,Mara,Häußler,3003,Mühlenweg,Meßstetten,Sachsen-Anhalt,Germany,94237,-83.6982,-20.5303,0:00,"Western Europe Time, London, Lisbon, Casablanca",8f4ec019-d001-4f6a-85b0-10a314eda8c9,blackgoose364,pistons,NMaQPIQv,56f5c52ba44e116904e19939f3ea3110,dfb0b61ed010264805dcf06901458682768daf1a,9337deb237b2e85e861345d007649d94389b6dff551b57d17b2ac15ea489ebec,1983-05-23T13:13:51.383Z,42,2013-09-22T19:44:46.375Z,12,SVNR,59 230583 H 736,https://randomuser.me/api/portraits/women/3.jpg,https://randomuser.me/api/portraits/med/women/3.jpg,https://randomuser.me/api/portraits/thumb/women/3.jpg
